Sub #,speechTask,fileName,tongueError,lipError,directionError,decoupled,TF,TB,UL,LL,Jaw
Sub12,Caterpillar (Conversational)_2,S12_1_010_sync,FALSE,FALSE,FALSE,FALSE,TRUE,TRUE,TRUE,TRUE,FALSE
Sub12,Lee Tool,S12_1_011_sync,FALSE,FALSE,FALSE,FALSE,TRUE,TRUE,TRUE,TRUE,FALSE
Sub12,Caterpillar (Slow),S12_1_008_sync*,FALSE,FALSE,FALSE,FALSE,FALSE,TRUE,TRUE,TRUE,TRUE
Sub13,Caterpillar (Clear),S13_1_011_sync,FALSE,FALSE,FALSE,FALSE,FALSE,TRUE,TRUE,TRUE,TRUE
Sub20,Caterpillar (Slow),S20_011_sync,FALSE,FALSE,FALSE,FALSE,FALSE,TRUE,TRUE,TRUE,TRUE
Sub23,Caterpillar (Conversational)_2,Sub23_1_007_sync,FALSE,FALSE,FALSE,FALSE,TRUE,FALSE,TRUE,TRUE,TRUE
Sub23,Caterpillar (Fast),Sub23_1_014_sync,FALSE,FALSE,FALSE,FALSE,TRUE,FALSE,TRUE,TRUE,TRUE
Sub23,Put a Deed Here (Conversational)_2,Sub23_1_011_sync,FALSE,FALSE,FALSE,FALSE,TRUE,FALSE,TRUE,TRUE,TRUE
Sub23,Sentence Repetition,Sub23_1_005_sync,FALSE,FALSE,FALSE,FALSE,TRUE,FALSE,TRUE,TRUE,TRUE
Sub23,iCi Syllabes,Sub23_1_008_sync,FALSE,FALSE,FALSE,FALSE,TRUE,FALSE,TRUE,TRUE,TRUE
Sub23,aCa Syllables,Sub23_1_010_sync,FALSE,FALSE,FALSE,FALSE,TRUE,FALSE,TRUE,TRUE,TRUE
Sub23,uCu Syllables,Sub23_1_009_sync,FALSE,FALSE,FALSE,FALSE,TRUE,FALSE,TRUE,TRUE,TRUE
Sub23,Lee Tool,Sub23_1_006_sync,FALSE,FALSE,FALSE,FALSE,TRUE,FALSE,TRUE,TRUE,TRUE
Sub23,Lee Tool (Fast),Sub23_1_013_sync,FALSE,FALSE,FALSE,FALSE,TRUE,FALSE,TRUE,TRUE,TRUE
Sub01,Caterpillar (Conversational),s01_1_002_sync,FALSE,FALSE,FALSE,TRUE,TRUE,TRUE,TRUE,TRUE,TRUE
Sub01,Caterpillar (Conversational)_2,s01_1_006_sync,FALSE,FALSE,FALSE,TRUE,TRUE,TRUE,TRUE,TRUE,TRUE
Sub01,Put a Deed Here (Conversational),s01_1_004_sync,FALSE,FALSE,FALSE,TRUE,TRUE,TRUE,TRUE,TRUE,TRUE
Sub01,Sentence Repetition,s01_1_005_sync,FALSE,FALSE,FALSE,TRUE,TRUE,TRUE,TRUE,TRUE,TRUE
Sub01,Sentence Repetition (More Clear),s01_1_007_sync,FALSE,FALSE,FALSE,TRUE,TRUE,TRUE,TRUE,TRUE,TRUE
Sub02,Caterpillar (Conversational),s02_1_001_sync,FALSE,FALSE,FALSE,TRUE,TRUE,TRUE,TRUE,TRUE,TRUE
Sub02,Caterpillar (Conversational)_2,s02_1_004_sync,FALSE,FALSE,FALSE,TRUE,TRUE,TRUE,TRUE,TRUE,TRUE
Sub02,Put a Deed Here (Conversational),s02_1_002_sync,FALSE,FALSE,FALSE,TRUE,TRUE,TRUE,TRUE,TRUE,TRUE
Sub02,Sentence Repetition,s02_1_003_sync,FALSE,FALSE,FALSE,TRUE,TRUE,TRUE,TRUE,TRUE,TRUE
Sub03,Caterpillar (Conversational),s03_1_001_sync,FALSE,FALSE,FALSE,TRUE,TRUE,TRUE,TRUE,TRUE,TRUE
Sub03,Caterpillar (Conversational)_2,s03_1_004_sync,FALSE,FALSE,FALSE,TRUE,TRUE,TRUE,TRUE,TRUE,TRUE
Sub03,Put a Deed Here (Conversational),S03_1_002_sync,FALSE,FALSE,FALSE,TRUE,TRUE,TRUE,TRUE,TRUE,TRUE
Sub03,Sentence Repetition,s03_1_003_sync,FALSE,FALSE,FALSE,TRUE,TRUE,TRUE,TRUE,TRUE,TRUE
Sub04,Caterpillar (Conversational),s04_1_001_sync,FALSE,FALSE,FALSE,TRUE,TRUE,TRUE,TRUE,TRUE,TRUE
Sub04,Caterpillar (Conversational)_2,s04_1_004_sync,FALSE,FALSE,FALSE,TRUE,TRUE,TRUE,TRUE,TRUE,TRUE
Sub04,Put a Deed Here (Conversational),s04_1_002_sync,FALSE,FALSE,FALSE,TRUE,TRUE,TRUE,TRUE,TRUE,TRUE
Sub04,Sentence Repetition,s04_1_003_sync,FALSE,FALSE,FALSE,TRUE,TRUE,TRUE,TRUE,TRUE,TRUE
Sub05,Caterpillar (Conversational),s05_1_001_sync,FALSE,FALSE,FALSE,TRUE,TRUE,TRUE,TRUE,TRUE,TRUE
Sub05,Caterpillar (Conversational)_2,s05_1_006_sync,FALSE,FALSE,FALSE,TRUE,TRUE,TRUE,TRUE,TRUE,TRUE
Sub05,Put a Deed Here (Conversational),s05_1_002_sync,FALSE,FALSE,FALSE,TRUE,TRUE,TRUE,TRUE,TRUE,TRUE
Sub05,Put a Deed Here (Conversational)_2,s05_1_003_sync,FALSE,FALSE,FALSE,TRUE,TRUE,TRUE,TRUE,TRUE,TRUE
Sub05,Put a Deed Here (Conversational)_3,s05_1_004_sync,FALSE,FALSE,FALSE,TRUE,TRUE,TRUE,TRUE,TRUE,TRUE
Sub05,Sentence Repetition,s05_1_005_sync,FALSE,FALSE,FALSE,TRUE,TRUE,TRUE,TRUE,TRUE,TRUE
Sub06,Caterpillar (Conversational),s06_1_001_sync,FALSE,FALSE,FALSE,TRUE,TRUE,TRUE,TRUE,TRUE,TRUE
Sub06,Caterpillar (Conversational)_2,s06_1_005_sync,FALSE,FALSE,FALSE,TRUE,TRUE,TRUE,TRUE,TRUE,TRUE
Sub06,Put a Deed Here (Conversational),s06_1_003_sync,FALSE,FALSE,FALSE,TRUE,TRUE,TRUE,TRUE,TRUE,TRUE
Sub06,Sentence Repetition,s06_1_004_sync,FALSE,FALSE,FALSE,TRUE,TRUE,TRUE,TRUE,TRUE,TRUE
Sub07,Caterpillar (Conversational),s07_1_001_sync,FALSE,FALSE,FALSE,TRUE,TRUE,TRUE,TRUE,TRUE,TRUE
Sub07,Caterpillar (Conversational)_2,s07_1_004_sync,FALSE,FALSE,FALSE,TRUE,TRUE,TRUE,TRUE,TRUE,TRUE
Sub07,Put a Deed Here (Conversational),s07_1_002_sync,FALSE,FALSE,FALSE,TRUE,TRUE,TRUE,TRUE,TRUE,TRUE
Sub07,Sentence Repetition,s07_1_003_sync,FALSE,FALSE,FALSE,TRUE,TRUE,TRUE,TRUE,TRUE,TRUE
Sub08,Caterpillar (Conversational),caterpillar_habitual,FALSE,FALSE,FALSE,TRUE,TRUE,TRUE,TRUE,TRUE,TRUE
Sub08,Caterpillar (Conversational)_2,caterpillar_habitual_2,FALSE,FALSE,FALSE,TRUE,TRUE,TRUE,TRUE,TRUE,TRUE
Sub08,Caterpillar (Fast),caterpillar_fast,FALSE,FALSE,FALSE,TRUE,TRUE,TRUE,TRUE,TRUE,TRUE
Sub08,Caterpillar (Slow),caterpillar_slow,FALSE,FALSE,FALSE,TRUE,TRUE,TRUE,TRUE,TRUE,TRUE
Sub08,Sentence Repetition,sentence_repetition,FALSE,FALSE,FALSE,TRUE,TRUE,TRUE,TRUE,TRUE,TRUE
Sub08,iCi Syllabes,VCV_syllables,FALSE,FALSE,FALSE,TRUE,TRUE,TRUE,TRUE,TRUE,TRUE
Sub08,aCa Syllables,VCV_syllables,FALSE,FALSE,FALSE,TRUE,TRUE,TRUE,TRUE,TRUE,TRUE
Sub08,uCu Syllables,VCV_syllables,FALSE,FALSE,FALSE,TRUE,TRUE,TRUE,TRUE,TRUE,TRUE
Sub09,Caterpillar (Conversational),Caterpillar_habitual,FALSE,FALSE,FALSE,TRUE,TRUE,TRUE,TRUE,TRUE,TRUE
Sub09,Caterpillar (Fast),Caterpillar_fast,FALSE,FALSE,FALSE,TRUE,TRUE,TRUE,TRUE,TRUE,TRUE
Sub09,Caterpillar (Slow),Caterpillar_slow_1,FALSE,FALSE,FALSE,TRUE,TRUE,TRUE,TRUE,TRUE,TRUE
Sub09,Caterpillar (Slow)_2,Caterpillar_slow_2,FALSE,FALSE,FALSE,TRUE,TRUE,TRUE,TRUE,TRUE,TRUE
Sub09,Put a Deed Here (Conversational),Coarticulation_1,FALSE,FALSE,FALSE,TRUE,TRUE,TRUE,TRUE,TRUE,TRUE
Sub09,Put a Deed Here (Conversational)_2,Coarticulation_2,FALSE,FALSE,FALSE,TRUE,TRUE,TRUE,TRUE,TRUE,TRUE
Sub09,Sentence Repetition,Sentence Repetition,FALSE,FALSE,FALSE,TRUE,TRUE,TRUE,TRUE,TRUE,TRUE
Sub09,Sentence Repetition (Less Clear),Sentence Repetition_less clear,FALSE,FALSE,FALSE,TRUE,TRUE,TRUE,TRUE,TRUE,TRUE
Sub09,iCi Syllabes,VCV syllables,FALSE,FALSE,FALSE,TRUE,TRUE,TRUE,TRUE,TRUE,TRUE
Sub09,aCa Syllables,VCV syllables,FALSE,FALSE,FALSE,TRUE,TRUE,TRUE,TRUE,TRUE,TRUE
Sub09,uCu Syllables,VCV syllables,FALSE,FALSE,FALSE,TRUE,TRUE,TRUE,TRUE,TRUE,TRUE
Sub10,Caterpillar (Conversational),S10_1_001_sync,FALSE,FALSE,FALSE,TRUE,TRUE,TRUE,TRUE,TRUE,TRUE
Sub10,Caterpillar (Conversational)_2,S10_1_005_sync,FALSE,FALSE,FALSE,TRUE,TRUE,TRUE,TRUE,TRUE,TRUE
Sub10,Sentence Repetition,S10_1_002_sync,FALSE,FALSE,FALSE,TRUE,TRUE,TRUE,TRUE,TRUE,TRUE
Sub10,Lee Tool,S10_1_003_sync,FALSE,FALSE,FALSE,TRUE,TRUE,TRUE,TRUE,TRUE,TRUE
Sub10,Lee Tool (Fast),S10_1_004_sync,FALSE,FALSE,FALSE,TRUE,TRUE,TRUE,TRUE,TRUE,TRUE
Sub11,Caterpillar (Conversational),Sub11_1_005_sync,FALSE,FALSE,FALSE,TRUE,TRUE,TRUE,TRUE,TRUE,TRUE
Sub11,Caterpillar (Conversational)_2,Sub11_1_009_sync,FALSE,FALSE,FALSE,TRUE,TRUE,TRUE,TRUE,TRUE,TRUE
Sub11,Put a Deed Here (Conversational),Sub11_1_006_sync,FALSE,FALSE,FALSE,TRUE,TRUE,TRUE,TRUE,TRUE,TRUE
Sub11,Sentence Repetition,Sub11_1_007,FALSE,FALSE,FALSE,TRUE,TRUE,TRUE,TRUE,TRUE,TRUE
Sub11,Lee Tool,Sub11_1_008_sync,FALSE,FALSE,FALSE,TRUE,TRUE,TRUE,TRUE,TRUE,TRUE
Sub12,Caterpillar (Conversational),S12_1_001_sync*,FALSE,FALSE,FALSE,TRUE,TRUE,TRUE,TRUE,TRUE,TRUE
Sub12,Put a Deed Here (Conversational),S12_1_004_sync*,FALSE,FALSE,FALSE,TRUE,TRUE,TRUE,TRUE,TRUE,TRUE
Sub12,Sentence Repetition,S12_1_002_sync*,FALSE,FALSE,FALSE,TRUE,TRUE,TRUE,TRUE,TRUE,TRUE
Sub12,iCi Syllabes,S12_1_003_sync*,FALSE,FALSE,FALSE,TRUE,TRUE,TRUE,TRUE,TRUE,TRUE
Sub12,Lee Tool (Slow),S12_1_006_sync*,FALSE,FALSE,FALSE,TRUE,TRUE,TRUE,TRUE,TRUE,TRUE
Sub12,Lee Tool (Fast),S12_1_007_sync*,FALSE,FALSE,FALSE,TRUE,TRUE,TRUE,TRUE,TRUE,TRUE
Sub13,Caterpillar (Conversational),S13_1_002_sync,FALSE,FALSE,FALSE,TRUE,TRUE,TRUE,TRUE,TRUE,TRUE
Sub13,Caterpillar (Fast),S13_1_009_sync,FALSE,FALSE,FALSE,TRUE,TRUE,TRUE,TRUE,TRUE,TRUE
Sub13,Caterpillar (Slow),S13_1_007_sync,FALSE,FALSE,FALSE,TRUE,TRUE,TRUE,TRUE,TRUE,TRUE
Sub13,Caterpillar (Clear)_2,S13_1_015_sync,FALSE,FALSE,FALSE,TRUE,TRUE,TRUE,TRUE,TRUE,TRUE
Sub13,Put a Deed Here (Conversational),S13_1_008_sync,FALSE,FALSE,FALSE,TRUE,TRUE,TRUE,TRUE,TRUE,TRUE
Sub13,Sentence Repetition,S13_1_010_sync,FALSE,FALSE,FALSE,TRUE,TRUE,TRUE,TRUE,TRUE,TRUE
Sub13,iCi Syllabes,S13_1_003_sync,FALSE,FALSE,FALSE,TRUE,TRUE,TRUE,TRUE,TRUE,TRUE
Sub13,aCa Syllables,S13_1_005_sync,FALSE,FALSE,FALSE,TRUE,TRUE,TRUE,TRUE,TRUE,TRUE
Sub13,uCu Syllables,S13_1_006_sync,FALSE,FALSE,FALSE,TRUE,TRUE,TRUE,TRUE,TRUE,TRUE
Sub13,Lee Tool,S13_1_013_sync,FALSE,FALSE,FALSE,TRUE,TRUE,TRUE,TRUE,TRUE,TRUE
Sub13,Lee Tool (Fast),S13_1_014_sync,FALSE,FALSE,FALSE,TRUE,TRUE,TRUE,TRUE,TRUE,TRUE
Sub14,Caterpillar (Conversational),S14_1_001_sync,FALSE,FALSE,FALSE,TRUE,TRUE,TRUE,TRUE,TRUE,TRUE
Sub14,Caterpillar (Conversational)_2,S14_1_012_sync,FALSE,FALSE,FALSE,TRUE,TRUE,TRUE,TRUE,TRUE,TRUE
Sub14,Caterpillar (Fast),S14_1_005_sync,FALSE,FALSE,FALSE,TRUE,TRUE,TRUE,TRUE,TRUE,TRUE
Sub14,Caterpillar (Slow),S14_1_007_sync,FALSE,FALSE,FALSE,TRUE,TRUE,TRUE,TRUE,TRUE,TRUE
Sub14,Caterpillar (Clear),S14_1_010_sync,FALSE,FALSE,FALSE,TRUE,TRUE,TRUE,TRUE,TRUE,TRUE
Sub14,Put a Deed Here (Conversational),S14_1_006_sync,FALSE,FALSE,FALSE,TRUE,TRUE,TRUE,TRUE,TRUE,TRUE
Sub14,Sentence Repetition,S14_1_008_sync,FALSE,FALSE,FALSE,TRUE,TRUE,TRUE,TRUE,TRUE,TRUE
Sub14,Sentence Repetition (Less Clear),S14_1_009_sync,FALSE,FALSE,FALSE,TRUE,TRUE,TRUE,TRUE,TRUE,TRUE
Sub14,iCi Syllabes,S14_1_002_sync,FALSE,FALSE,FALSE,TRUE,TRUE,TRUE,TRUE,TRUE,TRUE
Sub14,aCa Syllables,S14_1_003_sync,FALSE,FALSE,FALSE,TRUE,TRUE,TRUE,TRUE,TRUE,TRUE
Sub14,uCu Syllables,S14_1_004_sync,FALSE,FALSE,FALSE,TRUE,TRUE,TRUE,TRUE,TRUE,TRUE
Sub14,Lee Tool,S14_1_011_sync,FALSE,FALSE,FALSE,TRUE,TRUE,TRUE,TRUE,TRUE,TRUE
Sub15,Caterpillar (Conversational),S15_2_002_sync,FALSE,FALSE,FALSE,TRUE,TRUE,TRUE,TRUE,TRUE,TRUE
Sub15,Caterpillar (Fast),S15_2_005_sync,FALSE,FALSE,FALSE,TRUE,TRUE,TRUE,TRUE,TRUE,TRUE
Sub15,Caterpillar (Clear),S15_2_010_sync,FALSE,FALSE,FALSE,TRUE,TRUE,TRUE,TRUE,TRUE,TRUE
Sub15,Put a Deed Here (Conversational),S15_2_001_sync,FALSE,FALSE,FALSE,TRUE,TRUE,TRUE,TRUE,TRUE,TRUE
Sub15,Put a Deed Here (Conversational)_2,S15_2_013_sync,FALSE,FALSE,FALSE,TRUE,TRUE,TRUE,TRUE,TRUE,TRUE
Sub15,Sentence Repetition,S15_2_004_sync,FALSE,FALSE,FALSE,TRUE,TRUE,TRUE,TRUE,TRUE,TRUE
Sub15,iCi Syllabes,S15_2_007_sync,FALSE,FALSE,FALSE,TRUE,TRUE,TRUE,TRUE,TRUE,TRUE
Sub15,aCa Syllables,S15_2_006_sync,FALSE,FALSE,FALSE,TRUE,TRUE,TRUE,TRUE,TRUE,TRUE
Sub15,uCu Syllables,S15_2_008_sync,FALSE,FALSE,FALSE,TRUE,TRUE,TRUE,TRUE,TRUE,TRUE
Sub15,Lee Tool,S15_2_009_sync,FALSE,FALSE,FALSE,TRUE,TRUE,TRUE,TRUE,TRUE,TRUE
Sub15,Lee Tool (Fast),S15_2_011_sync,FALSE,FALSE,FALSE,TRUE,TRUE,TRUE,TRUE,TRUE,TRUE
Sub16,Caterpillar (Conversational),Sub16_1_002_sync,FALSE,FALSE,FALSE,TRUE,TRUE,TRUE,TRUE,TRUE,TRUE
Sub16,Caterpillar (Fast),Sub16_1_004_sync,FALSE,FALSE,FALSE,TRUE,TRUE,TRUE,TRUE,TRUE,TRUE
Sub16,Caterpillar (Slow),Sub16_1_009_sync,FALSE,FALSE,FALSE,TRUE,TRUE,TRUE,TRUE,TRUE,TRUE
Sub16,Put a Deed Here (Conversational),Sub16_1_001_sync,FALSE,FALSE,FALSE,TRUE,TRUE,TRUE,TRUE,TRUE,TRUE
Sub16,Put a Deed Here (Conversational)_2,Sub16_1_012_sync,FALSE,FALSE,FALSE,TRUE,TRUE,TRUE,TRUE,TRUE,TRUE
Sub16,Sentence Repetition,Sub16_1_003_sync,FALSE,FALSE,FALSE,TRUE,TRUE,TRUE,TRUE,TRUE,TRUE
Sub16,iCi Syllabes,Sub16_1_006_sync,FALSE,FALSE,FALSE,TRUE,TRUE,TRUE,TRUE,TRUE,TRUE
Sub16,aCa Syllables,Sub16_1_005_sync,FALSE,FALSE,FALSE,TRUE,TRUE,TRUE,TRUE,TRUE,TRUE
Sub16,uCu Syllables,Sub16_1_007_sync,FALSE,FALSE,FALSE,TRUE,TRUE,TRUE,TRUE,TRUE,TRUE
Sub16,Lee Tool,Sub16_1_008_sync,FALSE,FALSE,FALSE,TRUE,TRUE,TRUE,TRUE,TRUE,TRUE
Sub16,Lee Tool (Fast),Sub16_1_010_sync,FALSE,FALSE,FALSE,TRUE,TRUE,TRUE,TRUE,TRUE,TRUE
Sub17,Caterpillar (Conversational),S17_4_003_sync,FALSE,FALSE,FALSE,TRUE,TRUE,TRUE,TRUE,TRUE,TRUE
Sub17,Caterpillar (Fast),S17_4_006_sync,FALSE,FALSE,FALSE,TRUE,TRUE,TRUE,TRUE,TRUE,TRUE
Sub17,Caterpillar (Slow),S17_4_010_sync,FALSE,FALSE,FALSE,TRUE,TRUE,TRUE,TRUE,TRUE,TRUE
Sub17,Caterpillar (Clear),S17_4_012_sync,FALSE,FALSE,FALSE,TRUE,TRUE,TRUE,TRUE,TRUE,TRUE
Sub17,Put a Deed Here (Conversational),S17_4_002_sync,FALSE,FALSE,FALSE,TRUE,TRUE,TRUE,TRUE,TRUE,TRUE
Sub17,Sentence Repetition,S17_4_011_sync,FALSE,FALSE,FALSE,TRUE,TRUE,TRUE,TRUE,TRUE,TRUE
Sub17,iCi Syllabes,S17_4_008_sync,FALSE,FALSE,FALSE,TRUE,TRUE,TRUE,TRUE,TRUE,TRUE
Sub17,aCa Syllables,S17_4_007_sync,FALSE,FALSE,FALSE,TRUE,TRUE,TRUE,TRUE,TRUE,TRUE
Sub17,uCu Syllables,S17_4_009_sync,FALSE,FALSE,FALSE,TRUE,TRUE,TRUE,TRUE,TRUE,TRUE
Sub17,Lee Tool,S17_4_004_sync,FALSE,FALSE,FALSE,TRUE,TRUE,TRUE,TRUE,TRUE,TRUE
Sub18,Caterpillar (Conversational),Sub18_1_002_sync,FALSE,FALSE,FALSE,TRUE,TRUE,TRUE,TRUE,TRUE,TRUE
Sub18,Caterpillar (Fast),Sub18_1_007_sync,FALSE,FALSE,FALSE,TRUE,TRUE,TRUE,TRUE,TRUE,TRUE
Sub18,Caterpillar (Slow),Sub18_1_010_sync,FALSE,FALSE,FALSE,TRUE,TRUE,TRUE,TRUE,TRUE,TRUE
Sub18,Put a Deed Here (Conversational),Sub18_1_001_sync,FALSE,FALSE,FALSE,TRUE,TRUE,TRUE,TRUE,TRUE,TRUE
Sub18,Put a Deed Here (Conversational)_2,Sub18_1_013_sync,FALSE,FALSE,FALSE,TRUE,TRUE,TRUE,TRUE,TRUE,TRUE
Sub18,Sentence Repetition,Sub18_1_005_sync,FALSE,FALSE,FALSE,TRUE,TRUE,TRUE,TRUE,TRUE,TRUE
Sub18,Sentence Repetition_2,Sub18_1_014_sync,FALSE,FALSE,FALSE,TRUE,TRUE,TRUE,TRUE,TRUE,TRUE
Sub18,iCi Syllabes,Sub18_1_009_sync,FALSE,FALSE,FALSE,TRUE,TRUE,TRUE,TRUE,TRUE,TRUE
Sub18,aCa Syllables,Sub18_1_008_sync,FALSE,FALSE,FALSE,TRUE,TRUE,TRUE,TRUE,TRUE,TRUE
Sub18,uCu Syllables,Sub18_1_010_sync,FALSE,FALSE,FALSE,TRUE,TRUE,TRUE,TRUE,TRUE,TRUE
Sub18,Lee Tool,Sub18_1_003_sync,FALSE,FALSE,FALSE,TRUE,TRUE,TRUE,TRUE,TRUE,TRUE
Sub18_2,Caterpillar (Conversational),Sub18_2_1_001_sync,FALSE,FALSE,FALSE,TRUE,TRUE,TRUE,TRUE,TRUE,TRUE
Sub18_2,Caterpillar (Clear),Sub18_2_1_005_sync,FALSE,FALSE,FALSE,TRUE,TRUE,TRUE,TRUE,TRUE,TRUE
Sub18_2,Put a Deed Here (Conversational),Sub18_2_1_003_sync,FALSE,FALSE,FALSE,TRUE,TRUE,TRUE,TRUE,TRUE,TRUE
Sub18_2,Sentence Repetition,Sub18_2_1_004_sync,FALSE,FALSE,FALSE,TRUE,TRUE,TRUE,TRUE,TRUE,TRUE
Sub18_2,iCi Syllabes,Sub18_2_1_007_sync,FALSE,FALSE,FALSE,TRUE,TRUE,TRUE,TRUE,TRUE,TRUE
Sub18_2,Lee Tool,Sub18_2_1_006_sync,FALSE,FALSE,FALSE,TRUE,TRUE,TRUE,TRUE,TRUE,TRUE
Sub18_2,Non-Speech Task (Weismer),Sub18_2_1_002_sync,FALSE,FALSE,FALSE,TRUE,TRUE,TRUE,TRUE,TRUE,TRUE
Sub19,Caterpillar (Conversational),Sub19_1_001_sync,FALSE,FALSE,FALSE,TRUE,TRUE,TRUE,TRUE,TRUE,TRUE
Sub19,Caterpillar (Slow),Sub19_1_009_sync,FALSE,FALSE,FALSE,TRUE,TRUE,TRUE,TRUE,TRUE,TRUE
Sub19,Caterpillar (Loud),Sub19_1_013_sync,FALSE,FALSE,FALSE,TRUE,TRUE,TRUE,TRUE,TRUE,TRUE
Sub19,Put a Deed Here (Conversational),Sub19_1_003_sync,FALSE,FALSE,FALSE,TRUE,TRUE,TRUE,TRUE,TRUE,TRUE
Sub19,Sentence Repetition,Sub19_1_004_sync,FALSE,FALSE,FALSE,TRUE,TRUE,TRUE,TRUE,TRUE,TRUE
Sub19,iCi Syllabes,Sub19_1_008_sync,FALSE,FALSE,FALSE,TRUE,TRUE,TRUE,TRUE,TRUE,TRUE
Sub19,aCa Syllables,Sub19_1_011_sync,FALSE,FALSE,FALSE,TRUE,TRUE,TRUE,TRUE,TRUE,TRUE
Sub19,uCu Syllables,Sub19_1_010_sync,FALSE,FALSE,FALSE,TRUE,TRUE,TRUE,TRUE,TRUE,TRUE
Sub19,Lee Tool,Sub19_1_005_sync,FALSE,FALSE,FALSE,TRUE,TRUE,TRUE,TRUE,TRUE,TRUE
Sub19,Lee Tool (Clear),Sub19_1_007_sync,FALSE,FALSE,FALSE,TRUE,TRUE,TRUE,TRUE,TRUE,TRUE
Sub19,Non-Speech Task (Weismer),Sub19_1_002_sync,FALSE,FALSE,FALSE,TRUE,TRUE,TRUE,TRUE,TRUE,TRUE
Sub20,Caterpillar (Conversational),S20_001_sync,FALSE,FALSE,FALSE,TRUE,TRUE,TRUE,TRUE,TRUE,TRUE
Sub20,Caterpillar (Fast),S20_005_sync,FALSE,FALSE,FALSE,TRUE,TRUE,TRUE,TRUE,TRUE,TRUE
Sub20,Put a Deed Here (Conversational),S20_002_sync,FALSE,FALSE,FALSE,TRUE,TRUE,TRUE,TRUE,TRUE,TRUE
Sub20,Put a Deed Here (Conversational)_2,S20_010_sync,FALSE,FALSE,FALSE,TRUE,TRUE,TRUE,TRUE,TRUE,TRUE
Sub20,Sentence Repetition,S20_003_sync,FALSE,FALSE,FALSE,TRUE,TRUE,TRUE,TRUE,TRUE,TRUE
Sub20,iCi Syllabes,S20_007_sync,FALSE,FALSE,FALSE,TRUE,TRUE,TRUE,TRUE,TRUE,TRUE
Sub20,aCa Syllables,S20_008_sync,FALSE,FALSE,FALSE,TRUE,TRUE,TRUE,TRUE,TRUE,TRUE
Sub20,uCu Syllables,S20_009_sync,FALSE,FALSE,FALSE,TRUE,TRUE,TRUE,TRUE,TRUE,TRUE
Sub20,Lee Tool,S20_004_sync,FALSE,FALSE,FALSE,TRUE,TRUE,TRUE,TRUE,TRUE,TRUE
Sub20,Lee Tool (Fast),S20_006_sync,FALSE,FALSE,FALSE,TRUE,TRUE,TRUE,TRUE,TRUE,TRUE
Sub22,Caterpillar (Conversational),Sub22_1_001_sync,FALSE,FALSE,FALSE,TRUE,TRUE,TRUE,TRUE,TRUE,TRUE
Sub22,Caterpillar (Conversational)_2,Sub22_1_011_sync,FALSE,FALSE,FALSE,TRUE,TRUE,TRUE,TRUE,TRUE,TRUE
Sub22,Caterpillar (Fast),Sub22_1_012_sync,FALSE,FALSE,FALSE,TRUE,TRUE,TRUE,TRUE,TRUE,TRUE
Sub22,Put a Deed Here (Conversational),Sub22_1_002_sync,FALSE,FALSE,FALSE,TRUE,TRUE,TRUE,TRUE,TRUE,TRUE
Sub22,Put a Deed Here (Conversational)_2,Sub22_1_010_sync,FALSE,FALSE,FALSE,TRUE,TRUE,TRUE,TRUE,TRUE,TRUE
Sub22,Sentence Repetition,Sub22_1_003_sync,FALSE,FALSE,FALSE,TRUE,TRUE,TRUE,TRUE,TRUE,TRUE
Sub22,iCi Syllabes,Sub22_1_007_sync,FALSE,FALSE,FALSE,TRUE,TRUE,TRUE,TRUE,TRUE,TRUE
Sub22,aCa Syllables,Sub22_1_009_sync,FALSE,FALSE,FALSE,TRUE,TRUE,TRUE,TRUE,TRUE,TRUE
Sub22,uCu Syllables,Sub22_1_008_sync,FALSE,FALSE,FALSE,TRUE,TRUE,TRUE,TRUE,TRUE,TRUE
Sub22,Lee Tool,Sub22_1_004_sync,FALSE,FALSE,FALSE,TRUE,TRUE,TRUE,TRUE,TRUE,TRUE
Sub22,Lee Tool (Fast),Sub22_1_013_sync,FALSE,FALSE,FALSE,TRUE,TRUE,TRUE,TRUE,TRUE,TRUE
Sub23,Caterpillar (Conversational),Sub23_1_001_sync,FALSE,FALSE,FALSE,TRUE,TRUE,TRUE,TRUE,TRUE,TRUE
Sub23,Put a Deed Here (Conversational),Sub23_1_002_sync,FALSE,FALSE,FALSE,TRUE,TRUE,TRUE,TRUE,TRUE,TRUE
Sub24,Caterpillar (Conversational),Sub24_1_002_sync,FALSE,FALSE,FALSE,TRUE,TRUE,TRUE,TRUE,TRUE,TRUE
Sub24,Caterpillar (Conversational)_2,Sub24_1_013_sync,FALSE,FALSE,FALSE,TRUE,TRUE,TRUE,TRUE,TRUE,TRUE
Sub24,Caterpillar (Fast),Sub24_1_014_sync,FALSE,FALSE,FALSE,TRUE,TRUE,TRUE,TRUE,TRUE,TRUE
Sub24,Caterpillar (Slow),Sub24_1_005_sync,FALSE,FALSE,FALSE,TRUE,TRUE,TRUE,TRUE,TRUE,TRUE
Sub24,Caterpillar (Clear),Sub24_1_015_sync,FALSE,FALSE,FALSE,TRUE,TRUE,TRUE,TRUE,TRUE,TRUE
Sub24,Put a Deed Here (Conversational),Sub24_1_006_sync,FALSE,FALSE,FALSE,TRUE,TRUE,TRUE,TRUE,TRUE,TRUE
Sub24,Put a Deed Here (Conversational)_2,Sub24_1_012_sync,FALSE,FALSE,FALSE,TRUE,TRUE,TRUE,TRUE,TRUE,TRUE
Sub24,Sentence Repetition,Sub24_1_003_sync,FALSE,FALSE,FALSE,TRUE,TRUE,TRUE,TRUE,TRUE,TRUE
Sub24,iCi Syllabes,Sub24_1_007_sync,FALSE,FALSE,FALSE,TRUE,TRUE,TRUE,TRUE,TRUE,TRUE
Sub24,aCa Syllables,Sub24_1_009_sync,FALSE,FALSE,FALSE,TRUE,TRUE,TRUE,TRUE,TRUE,TRUE
Sub24,uCu Syllables,Sub24_1_008_sync,FALSE,FALSE,FALSE,TRUE,TRUE,TRUE,TRUE,TRUE,TRUE
Sub24,Lee Tool,Sub24_1_004_sync,FALSE,FALSE,FALSE,TRUE,TRUE,TRUE,TRUE,TRUE,TRUE
Sub24,Lee Tool (Fast),Sub24_1_011_sync,FALSE,FALSE,FALSE,TRUE,TRUE,TRUE,TRUE,TRUE,TRUE
Sub25,Caterpillar (Conversational),Sub25_1_002_sync,FALSE,FALSE,FALSE,TRUE,TRUE,TRUE,TRUE,TRUE,TRUE
Sub25,Caterpillar (Conversational)_2,Sub25_1_012_sync,FALSE,FALSE,FALSE,TRUE,TRUE,TRUE,TRUE,TRUE,TRUE
Sub25,Caterpillar (Slow),Sub25_1_005_sync,FALSE,FALSE,FALSE,TRUE,TRUE,TRUE,TRUE,TRUE,TRUE
Sub25,Caterpillar (Clear),Sub25_1_013_sync,FALSE,FALSE,FALSE,TRUE,TRUE,TRUE,TRUE,TRUE,TRUE
Sub25,Caterpillar (Loud),Sub25_1_010_sync,FALSE,FALSE,FALSE,TRUE,TRUE,TRUE,TRUE,TRUE,TRUE
Sub25,Put a Deed Here (Conversational),Sub25_1_006_sync,FALSE,FALSE,FALSE,TRUE,TRUE,TRUE,TRUE,TRUE,TRUE
Sub25,Sentence Repetition,Sub25_1_003_sync,FALSE,FALSE,FALSE,TRUE,TRUE,TRUE,TRUE,TRUE,TRUE
Sub25,Sentence Repetition_2,Sub25_1_014_sync,FALSE,FALSE,FALSE,TRUE,TRUE,TRUE,TRUE,TRUE,TRUE
Sub25,iCi Syllabes,Sub25_1_007_sync,FALSE,FALSE,FALSE,TRUE,TRUE,TRUE,TRUE,TRUE,TRUE
Sub25,aCa Syllables,Sub25_1_009_sync,FALSE,FALSE,FALSE,TRUE,TRUE,TRUE,TRUE,TRUE,TRUE
Sub25,uCu Syllables,Sub25_1_008_sync,FALSE,FALSE,FALSE,TRUE,TRUE,TRUE,TRUE,TRUE,TRUE
Sub25,Lee Tool,Sub25_1_004_sync,FALSE,FALSE,FALSE,TRUE,TRUE,TRUE,TRUE,TRUE,TRUE
Sub25,Lee Tool (Clear),Sub25_1_011_sync,FALSE,FALSE,FALSE,TRUE,TRUE,TRUE,TRUE,TRUE,TRUE
Sub26,Caterpillar (Conversational),Sub26_1_001_sync,FALSE,FALSE,FALSE,TRUE,TRUE,TRUE,TRUE,TRUE,TRUE
Sub26,Caterpillar (Slow),Sub26_1_009_sync,FALSE,FALSE,FALSE,TRUE,TRUE,TRUE,TRUE,TRUE,TRUE
Sub26,Caterpillar (Clear),Sub26_1_005_sync,FALSE,FALSE,FALSE,TRUE,TRUE,TRUE,TRUE,TRUE,TRUE
Sub26,Caterpillar (Loud),Sub26_1_012_sync,FALSE,FALSE,FALSE,TRUE,TRUE,TRUE,TRUE,TRUE,TRUE
Sub26,Put a Deed Here (Conversational),Sub26_1_003_sync,FALSE,FALSE,FALSE,TRUE,TRUE,TRUE,TRUE,TRUE,TRUE
Sub26,Sentence Repetition,Sub26_1_004_sync,FALSE,FALSE,FALSE,TRUE,TRUE,TRUE,TRUE,TRUE,TRUE
Sub26,iCi Syllabes,Sub26_1_007_sync,FALSE,FALSE,FALSE,TRUE,TRUE,TRUE,TRUE,TRUE,TRUE
Sub26,aCa Syllables,Sub26_1_011_sync,FALSE,FALSE,FALSE,TRUE,TRUE,TRUE,TRUE,TRUE,TRUE
Sub26,uCu Syllables,Sub26_1_010_sync,FALSE,FALSE,FALSE,TRUE,TRUE,TRUE,TRUE,TRUE,TRUE
Sub26,Lee Tool,Sub26_1_006_sync,FALSE,FALSE,FALSE,TRUE,TRUE,TRUE,TRUE,TRUE,TRUE
Sub26,Lee Tool (Clear),Sub26_1_008_sync,FALSE,FALSE,FALSE,TRUE,TRUE,TRUE,TRUE,TRUE,TRUE
Sub26,Non-Speech Task (Weismer),Sub26_1_002_sync,FALSE,FALSE,FALSE,TRUE,TRUE,TRUE,TRUE,TRUE,TRUE
Sub27,Caterpillar (Conversational),Sub27_1_001_sync,FALSE,FALSE,FALSE,TRUE,TRUE,TRUE,TRUE,TRUE,TRUE
Sub27,Caterpillar (Slow),Sub27_1_007_sync,FALSE,FALSE,FALSE,TRUE,TRUE,TRUE,TRUE,TRUE,TRUE
Sub27,Caterpillar (Slow)_2,Sub27_1_015_sync,FALSE,FALSE,FALSE,TRUE,TRUE,TRUE,TRUE,TRUE,TRUE
Sub27,Caterpillar (Clear),Sub27_1_004_sync,FALSE,FALSE,FALSE,TRUE,TRUE,TRUE,TRUE,TRUE,TRUE
Sub27,Caterpillar (Loud),Sub27_1_013_sync,FALSE,FALSE,FALSE,TRUE,TRUE,TRUE,TRUE,TRUE,TRUE
Sub27,Put a Deed Here (Conversational),Sub27_1_006_sync,FALSE,FALSE,FALSE,TRUE,TRUE,TRUE,TRUE,TRUE,TRUE
Sub27,Put a Deed Here (Conversational)_2,Sub27_1_014_sync,FALSE,FALSE,FALSE,TRUE,TRUE,TRUE,TRUE,TRUE,TRUE
Sub27,Sentence Repetition,Sub27_1_003_sync,FALSE,FALSE,FALSE,TRUE,TRUE,TRUE,TRUE,TRUE,TRUE
Sub27,iCi Syllabes,Sub27_1_010_sync,FALSE,FALSE,FALSE,TRUE,TRUE,TRUE,TRUE,TRUE,TRUE
Sub27,aCa Syllables,Sub27_1_011_sync,FALSE,FALSE,FALSE,TRUE,TRUE,TRUE,TRUE,TRUE,TRUE
Sub27,uCu Syllables,Sub27_1_012_sync,FALSE,FALSE,FALSE,TRUE,TRUE,TRUE,TRUE,TRUE,TRUE
Sub27,Lee Tool,Sub27_1_005_sync,FALSE,FALSE,FALSE,TRUE,TRUE,TRUE,TRUE,TRUE,TRUE
Sub27,Lee Tool (Clear),Sub27_1_009_sync,FALSE,FALSE,FALSE,TRUE,TRUE,TRUE,TRUE,TRUE,TRUE
Sub27,Non-Speech Task (Weismer),Sub27_1_002_sync,FALSE,FALSE,FALSE,TRUE,TRUE,TRUE,TRUE,TRUE,TRUE
Sub28,Caterpillar (Conversational),Sub28_1_001_sync,FALSE,FALSE,FALSE,TRUE,TRUE,TRUE,TRUE,TRUE,TRUE
Sub28,Caterpillar (Slow),Sub28_1_007_sync,FALSE,FALSE,FALSE,TRUE,TRUE,TRUE,TRUE,TRUE,TRUE
Sub28,Caterpillar (Clear),Sub28_1_004_sync,FALSE,FALSE,FALSE,TRUE,TRUE,TRUE,TRUE,TRUE,TRUE
Sub28,Caterpillar (Loud),Sub28_1_012_sync,FALSE,FALSE,FALSE,TRUE,TRUE,TRUE,TRUE,TRUE,TRUE
Sub28,Put a Deed Here (Conversational),Sub28_1_003_sync,FALSE,FALSE,FALSE,TRUE,TRUE,TRUE,TRUE,TRUE,TRUE
Sub28,Sentence Repetition,Sub28_1_005_sync,FALSE,FALSE,FALSE,TRUE,TRUE,TRUE,TRUE,TRUE,TRUE
Sub28,iCi Syllabes,Sub28_1_008_sync,FALSE,FALSE,FALSE,TRUE,TRUE,TRUE,TRUE,TRUE,TRUE
Sub28,aCa Syllables,Sub28_1_010_sync,FALSE,FALSE,FALSE,TRUE,TRUE,TRUE,TRUE,TRUE,TRUE
Sub28,uCu Syllables,Sub28_1_009_sync,FALSE,FALSE,FALSE,TRUE,TRUE,TRUE,TRUE,TRUE,TRUE
Sub28,Lee Tool,Sub28_1_006_sync,FALSE,FALSE,FALSE,TRUE,TRUE,TRUE,TRUE,TRUE,TRUE
Sub28,Lee Tool (Clear),Sub28_1_011_sync,FALSE,FALSE,FALSE,TRUE,TRUE,TRUE,TRUE,TRUE,TRUE
Sub28,Non-Speech Task (Weismer),Sub28_1_002_sync,FALSE,FALSE,FALSE,TRUE,TRUE,TRUE,TRUE,TRUE,TRUE
Sub29,Caterpillar (Conversational),Sub29_1_001_sync,FALSE,FALSE,FALSE,TRUE,TRUE,TRUE,TRUE,TRUE,TRUE
Sub29,Caterpillar (Slow),Sub29_1_011_sync,FALSE,FALSE,FALSE,TRUE,TRUE,TRUE,TRUE,TRUE,TRUE
Sub29,Caterpillar (Clear),Sub29_1_004_sync,FALSE,FALSE,FALSE,TRUE,TRUE,TRUE,TRUE,TRUE,TRUE
Sub29,Caterpillar (Loud),Sub29_1_008_sync,FALSE,FALSE,FALSE,TRUE,TRUE,TRUE,TRUE,TRUE,TRUE
Sub29,Put a Deed Here (Conversational),Sub29_1_003_sync,FALSE,FALSE,FALSE,TRUE,TRUE,TRUE,TRUE,TRUE,TRUE
Sub29,Sentence Repetition,Sub29_1_005_sync,FALSE,FALSE,FALSE,TRUE,TRUE,TRUE,TRUE,TRUE,TRUE
Sub29,iCi Syllabes,Sub29_1_007_sync,FALSE,FALSE,FALSE,TRUE,TRUE,TRUE,TRUE,TRUE,TRUE
Sub29,aCa Syllables,Sub29_1_012_sync,FALSE,FALSE,FALSE,TRUE,TRUE,TRUE,TRUE,TRUE,TRUE
Sub29,uCu Syllables,Sub29_1_009_sync,FALSE,FALSE,FALSE,TRUE,TRUE,TRUE,TRUE,TRUE,TRUE
Sub29,Lee Tool,Sub29_1_006_sync,FALSE,FALSE,FALSE,TRUE,TRUE,TRUE,TRUE,TRUE,TRUE
Sub29,Lee Tool (Clear),Sub29_1_010_sync,FALSE,FALSE,FALSE,TRUE,TRUE,TRUE,TRUE,TRUE,TRUE
Sub29,Non-Speech Task (Weismer),Sub29_1_002_sync,FALSE,FALSE,FALSE,TRUE,TRUE,TRUE,TRUE,TRUE,TRUE
Sub30,Caterpillar (Conversational),Sub30_1_002_sync,FALSE,FALSE,FALSE,TRUE,TRUE,TRUE,TRUE,TRUE,TRUE
Sub30,Caterpillar (Slow),Sub30_1_010_sync,FALSE,FALSE,FALSE,TRUE,TRUE,TRUE,TRUE,TRUE,TRUE
Sub30,Caterpillar (Clear),Sub30_1_006_sync,FALSE,FALSE,FALSE,TRUE,TRUE,TRUE,TRUE,TRUE,TRUE
Sub30,Caterpillar (Loud),Sub30_1_012_sync,FALSE,FALSE,FALSE,TRUE,TRUE,TRUE,TRUE,TRUE,TRUE
Sub30,Put a Deed Here (Conversational),Sub30_1_002_sync,FALSE,FALSE,FALSE,TRUE,TRUE,TRUE,TRUE,TRUE,TRUE
Sub30,Sentence Repetition,Sub30_1_005_sync,FALSE,FALSE,FALSE,TRUE,TRUE,TRUE,TRUE,TRUE,TRUE
Sub30,iCi Syllabes,Sub30_1_008_sync,FALSE,FALSE,FALSE,TRUE,TRUE,TRUE,TRUE,TRUE,TRUE
Sub30,aCa Syllables,Sub30_1_014_sync,FALSE,FALSE,FALSE,TRUE,TRUE,TRUE,TRUE,TRUE,TRUE
Sub30,uCu Syllables,Sub30_1_009_sync,FALSE,FALSE,FALSE,TRUE,TRUE,TRUE,TRUE,TRUE,TRUE
Sub30,Lee Tool,Sub30_1_007_sync,FALSE,FALSE,FALSE,TRUE,TRUE,TRUE,TRUE,TRUE,TRUE
Sub30,Lee Tool (Clear),Sub30_1_011_sync,FALSE,FALSE,FALSE,TRUE,TRUE,TRUE,TRUE,TRUE,TRUE
Sub30,Non-Speech Task (Weismer),Sub30_1_003_sync,FALSE,FALSE,FALSE,TRUE,TRUE,TRUE,TRUE,TRUE,TRUE
Sub30,Spanish Conversation,Sub30_1_013_sync,FALSE,FALSE,FALSE,TRUE,TRUE,TRUE,TRUE,TRUE,TRUE
Sub31,Caterpillar (Conversational),Sub31_1_001_sync,FALSE,FALSE,FALSE,TRUE,TRUE,TRUE,TRUE,TRUE,TRUE
Sub31,Caterpillar (Slow),Sub31_1_008_sync,FALSE,FALSE,FALSE,TRUE,TRUE,TRUE,TRUE,TRUE,TRUE
Sub31,Caterpillar (Clear),Sub31_1_004_sync,FALSE,FALSE,FALSE,TRUE,TRUE,TRUE,TRUE,TRUE,TRUE
Sub31,Caterpillar (Loud),Sub31_1_011_sync,FALSE,FALSE,FALSE,TRUE,TRUE,TRUE,TRUE,TRUE,TRUE
Sub31,Put a Deed Here (Conversational),Sub31_1_003_sync,FALSE,FALSE,FALSE,TRUE,TRUE,TRUE,TRUE,TRUE,TRUE
Sub31,Sentence Repetition,Sub31_1_005_sync,FALSE,FALSE,FALSE,TRUE,TRUE,TRUE,TRUE,TRUE,TRUE
Sub31,iCi Syllabes,Sub31_1_007_sync,FALSE,FALSE,FALSE,TRUE,TRUE,TRUE,TRUE,TRUE,TRUE
Sub31,aCa Syllables,Sub31_1_012_sync,FALSE,FALSE,FALSE,TRUE,TRUE,TRUE,TRUE,TRUE,TRUE
Sub31,uCu Syllables,Sub31_1_009_sync,FALSE,FALSE,FALSE,TRUE,TRUE,TRUE,TRUE,TRUE,TRUE
Sub31,Lee Tool,Sub31_1_006_sync,FALSE,FALSE,FALSE,TRUE,TRUE,TRUE,TRUE,TRUE,TRUE
Sub31,Lee Tool (Clear),Sub31_1_010_sync,FALSE,FALSE,FALSE,TRUE,TRUE,TRUE,TRUE,TRUE,TRUE
Sub31,Non-Speech Task (Weismer),Sub31_1_002_sync,FALSE,FALSE,FALSE,TRUE,TRUE,TRUE,TRUE,TRUE,TRUE
Sub32,Caterpillar (Conversational),sub32_1_001_sync,FALSE,FALSE,FALSE,TRUE,TRUE,TRUE,TRUE,TRUE,TRUE
Sub32,Caterpillar (Slow),sub32_1_008_sync,FALSE,FALSE,FALSE,TRUE,TRUE,TRUE,TRUE,TRUE,TRUE
Sub32,Caterpillar (Clear),sub32_1_005_sync,FALSE,FALSE,FALSE,TRUE,TRUE,TRUE,TRUE,TRUE,TRUE
Sub32,Caterpillar (Loud),sub32_1_011_sync,FALSE,FALSE,FALSE,TRUE,TRUE,TRUE,TRUE,TRUE,TRUE
Sub32,Put a Deed Here (Conversational),sub32_1_003_sync,FALSE,FALSE,FALSE,TRUE,TRUE,TRUE,TRUE,TRUE,TRUE
Sub32,Sentence Repetition,sub32_1_006_sync,FALSE,FALSE,FALSE,TRUE,TRUE,TRUE,TRUE,TRUE,TRUE
Sub32,iCi Syllabes,sub32_1_007_sync,FALSE,FALSE,FALSE,TRUE,TRUE,TRUE,TRUE,TRUE,TRUE
Sub32,aCa Syllables,sub32_1_012_sync,FALSE,FALSE,FALSE,TRUE,TRUE,TRUE,TRUE,TRUE,TRUE
Sub32,uCu Syllables,sub32_1_010_sync,FALSE,FALSE,FALSE,TRUE,TRUE,TRUE,TRUE,TRUE,TRUE
Sub32,Lee Tool,sub32_1_004_sync,FALSE,FALSE,FALSE,TRUE,TRUE,TRUE,TRUE,TRUE,TRUE
Sub32,Lee Tool (Clear),sub32_1_009_sync,FALSE,FALSE,FALSE,TRUE,TRUE,TRUE,TRUE,TRUE,TRUE
Sub32,Non-Speech Task (Weismer),sub32_1_002_sync,FALSE,FALSE,FALSE,TRUE,TRUE,TRUE,TRUE,TRUE,TRUE
Sub33,Caterpillar (Conversational),Sub33_2_013_sync,FALSE,FALSE,FALSE,TRUE,TRUE,TRUE,TRUE,TRUE,TRUE
Sub33,Caterpillar (Slow),Sub33_2_008_sync,FALSE,FALSE,FALSE,TRUE,TRUE,TRUE,TRUE,TRUE,TRUE
Sub33,Caterpillar (Clear),Sub33_2_005_sync,FALSE,FALSE,FALSE,TRUE,TRUE,TRUE,TRUE,TRUE,TRUE
Sub33,Caterpillar (Loud),Sub33_2_011_sync,FALSE,FALSE,FALSE,TRUE,TRUE,TRUE,TRUE,TRUE,TRUE
Sub33,Put a Deed Here (Conversational),Sub33_2_003_sync,FALSE,FALSE,FALSE,TRUE,TRUE,TRUE,TRUE,TRUE,TRUE
Sub33,Sentence Repetition,Sub33_2_004_sync,FALSE,FALSE,FALSE,TRUE,TRUE,TRUE,TRUE,TRUE,TRUE
Sub33,iCi Syllabes,Sub33_2_007_sync,FALSE,FALSE,FALSE,TRUE,TRUE,TRUE,TRUE,TRUE,TRUE
Sub33,aCa Syllables,Sub33_2_012_sync,FALSE,FALSE,FALSE,TRUE,TRUE,TRUE,TRUE,TRUE,TRUE
Sub33,uCu Syllables,Sub33_2_010_sync,FALSE,FALSE,FALSE,TRUE,TRUE,TRUE,TRUE,TRUE,TRUE
Sub33,Lee Tool,Sub33_2_006_sync,FALSE,FALSE,FALSE,TRUE,TRUE,TRUE,TRUE,TRUE,TRUE
Sub33,Lee Tool (Clear),Sub33_2_009_sync,FALSE,FALSE,FALSE,TRUE,TRUE,TRUE,TRUE,TRUE,TRUE
Sub33,Non-Speech Task (Weismer),Sub33_2_002_sync,FALSE,FALSE,FALSE,TRUE,TRUE,TRUE,TRUE,TRUE,TRUE
Sub34,Caterpillar (Conversational),Sub34_1_001_sync,FALSE,FALSE,FALSE,TRUE,TRUE,TRUE,TRUE,TRUE,TRUE
Sub34,Caterpillar (Slow),Sub34_1_008_sync,FALSE,FALSE,FALSE,TRUE,TRUE,TRUE,TRUE,TRUE,TRUE
Sub34,Caterpillar (Clear),Sub34_1_005_sync,FALSE,FALSE,FALSE,TRUE,TRUE,TRUE,TRUE,TRUE,TRUE
Sub34,Caterpillar (Loud),Sub34_1_012_sync,FALSE,FALSE,FALSE,TRUE,TRUE,TRUE,TRUE,TRUE,TRUE
Sub34,Put a Deed Here (Conversational),Sub34_1_003_sync,FALSE,FALSE,FALSE,TRUE,TRUE,TRUE,TRUE,TRUE,TRUE
Sub34,Sentence Repetition,Sub34_1_004_sync,FALSE,FALSE,FALSE,TRUE,TRUE,TRUE,TRUE,TRUE,TRUE
Sub34,iCi Syllabes,Sub34_1_007_sync,FALSE,FALSE,FALSE,TRUE,TRUE,TRUE,TRUE,TRUE,TRUE
Sub34,aCa Syllables,Sub34_1_011_sync,FALSE,FALSE,FALSE,TRUE,TRUE,TRUE,TRUE,TRUE,TRUE
Sub34,uCu Syllables,Sub34_1_009_sync,FALSE,FALSE,FALSE,TRUE,TRUE,TRUE,TRUE,TRUE,TRUE
Sub34,Lee Tool,Sub34_1_006_sync,FALSE,FALSE,FALSE,TRUE,TRUE,TRUE,TRUE,TRUE,TRUE
Sub34,Lee Tool (Clear),Sub34_1_010_sync,FALSE,FALSE,FALSE,TRUE,TRUE,TRUE,TRUE,TRUE,TRUE
Sub34,Non-Speech Task (Weismer),Sub34_1_002_sync,FALSE,FALSE,FALSE,TRUE,TRUE,TRUE,TRUE,TRUE,TRUE
Sub35,Caterpillar (Conversational),Sub35_1_001_sync,FALSE,FALSE,FALSE,TRUE,TRUE,TRUE,TRUE,TRUE,TRUE
Sub35,Caterpillar (Slow),Sub35_1_008_sync,FALSE,FALSE,FALSE,TRUE,TRUE,TRUE,TRUE,TRUE,TRUE
Sub35,Caterpillar (Clear),Sub35_1_004_sync,FALSE,FALSE,FALSE,TRUE,TRUE,TRUE,TRUE,TRUE,TRUE
Sub35,Caterpillar (Loud),Sub35_1_011_sync,FALSE,FALSE,FALSE,TRUE,TRUE,TRUE,TRUE,TRUE,TRUE
Sub35,Put a Deed Here (Conversational),Sub35_1_003_sync,FALSE,FALSE,FALSE,TRUE,TRUE,TRUE,TRUE,TRUE,TRUE
Sub35,Sentence Repetition,Sub35_1_005_sync,FALSE,FALSE,FALSE,TRUE,TRUE,TRUE,TRUE,TRUE,TRUE
Sub35,iCi Syllabes,Sub35_1_007_sync,FALSE,FALSE,FALSE,TRUE,TRUE,TRUE,TRUE,TRUE,TRUE
Sub35,aCa Syllables,Sub35_1_009_sync,FALSE,FALSE,FALSE,TRUE,TRUE,TRUE,TRUE,TRUE,TRUE
Sub35,uCu Syllables,Sub35_1_012_sync,FALSE,FALSE,FALSE,TRUE,TRUE,TRUE,TRUE,TRUE,TRUE
Sub35,Lee Tool,Sub35_1_006_sync,FALSE,FALSE,FALSE,TRUE,TRUE,TRUE,TRUE,TRUE,TRUE
Sub35,Lee Tool (Clear),Sub35_1_010_sync,FALSE,FALSE,FALSE,TRUE,TRUE,TRUE,TRUE,TRUE,TRUE
Sub35,Non-Speech Task (Weismer),Sub35_1_002_sync,FALSE,FALSE,FALSE,TRUE,TRUE,TRUE,TRUE,TRUE,TRUE
Sub36,Caterpillar (Conversational),Sub36_1_001_sync,FALSE,FALSE,FALSE,TRUE,TRUE,TRUE,TRUE,TRUE,TRUE
Sub36,Caterpillar (Slow),Sub36_1_010_sync,FALSE,FALSE,FALSE,TRUE,TRUE,TRUE,TRUE,TRUE,TRUE
Sub36,Caterpillar (Clear),Sub36_1_002_sync,FALSE,FALSE,FALSE,TRUE,TRUE,TRUE,TRUE,TRUE,TRUE
Sub36,Caterpillar (Loud),Sub36_1_004_sync,FALSE,FALSE,FALSE,TRUE,TRUE,TRUE,TRUE,TRUE,TRUE
Sub36,Put a Deed Here (Conversational),Sub36_1_008_sync,FALSE,FALSE,FALSE,TRUE,TRUE,TRUE,TRUE,TRUE,TRUE
Sub36,Sentence Repetition,Sub36_1_007_sync,FALSE,FALSE,FALSE,TRUE,TRUE,TRUE,TRUE,TRUE,TRUE
Sub36,Lee Tool,Sub36_1_009_sync,FALSE,FALSE,FALSE,TRUE,TRUE,TRUE,TRUE,TRUE,TRUE
Sub36,Lee Tool (Clear),Sub36_1_005_sync,FALSE,FALSE,FALSE,TRUE,TRUE,TRUE,TRUE,TRUE,TRUE
Sub36,Non-Speech Task (Weismer),Sub36_1_003_sync,FALSE,FALSE,FALSE,TRUE,TRUE,TRUE,TRUE,TRUE,TRUE
Sub36,All Vowels,Sub36_1_006_sync,FALSE,FALSE,FALSE,TRUE,TRUE,TRUE,TRUE,TRUE,TRUE
Sub37,Caterpillar (Conversational),Sub37_1_001_sync,FALSE,FALSE,FALSE,TRUE,TRUE,TRUE,TRUE,TRUE,TRUE
Sub37,Caterpillar (Slow),Sub37_1_005_sync,FALSE,FALSE,FALSE,TRUE,TRUE,TRUE,TRUE,TRUE,TRUE
Sub37,Caterpillar (Clear),Sub37_1_010_sync,FALSE,FALSE,FALSE,TRUE,TRUE,TRUE,TRUE,TRUE,TRUE
Sub37,Caterpillar (Loud),Sub37_1_003_sync,FALSE,FALSE,FALSE,TRUE,TRUE,TRUE,TRUE,TRUE,TRUE
Sub37,Put a Deed Here (Conversational),Sub37_1_004_sync,FALSE,FALSE,FALSE,TRUE,TRUE,TRUE,TRUE,TRUE,TRUE
Sub37,Sentence Repetition,Sub37_1_002_sync,FALSE,FALSE,FALSE,TRUE,TRUE,TRUE,TRUE,TRUE,TRUE
Sub37,Lee Tool,Sub37_1_006_sync,FALSE,FALSE,FALSE,TRUE,TRUE,TRUE,TRUE,TRUE,TRUE
Sub37,Lee Tool (Clear),Sub37_1_009_sync,FALSE,FALSE,FALSE,TRUE,TRUE,TRUE,TRUE,TRUE,TRUE
Sub37,Non-Speech Task (Weismer),Sub37_1_008_sync,FALSE,FALSE,FALSE,TRUE,TRUE,TRUE,TRUE,TRUE,TRUE
Sub37,All Vowels,Sub37_1_007_sync,FALSE,FALSE,FALSE,TRUE,TRUE,TRUE,TRUE,TRUE,TRUE
Sub38,Caterpillar (Conversational),Sub38_1_002_sync,FALSE,FALSE,FALSE,TRUE,TRUE,TRUE,TRUE,TRUE,TRUE
Sub38,Caterpillar (Slow),Sub38_1_008_sync,FALSE,FALSE,FALSE,TRUE,TRUE,TRUE,TRUE,TRUE,TRUE
Sub38,Caterpillar (Clear),Sub38_1_010_sync,FALSE,FALSE,FALSE,TRUE,TRUE,TRUE,TRUE,TRUE,TRUE
Sub38,Caterpillar (Loud),Sub38_1_004_sync,FALSE,FALSE,FALSE,TRUE,TRUE,TRUE,TRUE,TRUE,TRUE
Sub38,Put a Deed Here (Conversational),Sub38_1_005_sync,FALSE,FALSE,FALSE,TRUE,TRUE,TRUE,TRUE,TRUE,TRUE
Sub38,Sentence Repetition,Sub38_1_006_sync,FALSE,FALSE,FALSE,TRUE,TRUE,TRUE,TRUE,TRUE,TRUE
Sub38,Lee Tool,Sub38_1_009_sync,FALSE,FALSE,FALSE,TRUE,TRUE,TRUE,TRUE,TRUE,TRUE
Sub38,Lee Tool (Clear),Sub38_1_003_sync,FALSE,FALSE,FALSE,TRUE,TRUE,TRUE,TRUE,TRUE,TRUE
Sub38,Non-Speech Task (Weismer),Sub38_1_007_sync,FALSE,FALSE,FALSE,TRUE,TRUE,TRUE,TRUE,TRUE,TRUE
Sub38,All Vowels,Sub38_1_001_sync,FALSE,FALSE,FALSE,TRUE,TRUE,TRUE,TRUE,TRUE,TRUE
Sub39,Caterpillar (Conversational),Sub39_1_001_sync,FALSE,FALSE,FALSE,TRUE,TRUE,TRUE,TRUE,TRUE,TRUE
Sub39,Caterpillar (Slow),Sub39_1_009_sync,FALSE,FALSE,FALSE,TRUE,TRUE,TRUE,TRUE,TRUE,TRUE
Sub39,Caterpillar (Clear),Sub39_1_005_sync,FALSE,FALSE,FALSE,TRUE,TRUE,TRUE,TRUE,TRUE,TRUE
Sub39,Caterpillar (Loud),Sub39_1_007_sync,FALSE,FALSE,FALSE,TRUE,TRUE,TRUE,TRUE,TRUE,TRUE
Sub39,Put a Deed Here (Conversational),Sub39_1_008_sync,FALSE,FALSE,FALSE,TRUE,TRUE,TRUE,TRUE,TRUE,TRUE
Sub39,Sentence Repetition,Sub39_1_006_sync,FALSE,FALSE,FALSE,TRUE,TRUE,TRUE,TRUE,TRUE,TRUE
Sub39,Lee Tool,Sub39_1_010_sync,FALSE,FALSE,FALSE,TRUE,TRUE,TRUE,TRUE,TRUE,TRUE
Sub39,Lee Tool (Clear),Sub39_1_002_sync,FALSE,FALSE,FALSE,TRUE,TRUE,TRUE,TRUE,TRUE,TRUE
Sub39,Non-Speech Task (Weismer),Sub39_1_004_sync,FALSE,FALSE,FALSE,TRUE,TRUE,TRUE,TRUE,TRUE,TRUE
Sub39,All Vowels,Sub39_1_003_sync,FALSE,FALSE,FALSE,TRUE,TRUE,TRUE,TRUE,TRUE,TRUE
Sub40,Caterpillar (Conversational),Sub40_1_001_sync,FALSE,FALSE,FALSE,TRUE,TRUE,TRUE,TRUE,TRUE,TRUE
Sub40,Caterpillar (Slow),Sub40_1_010_sync,FALSE,FALSE,FALSE,TRUE,TRUE,TRUE,TRUE,TRUE,TRUE
Sub40,Caterpillar (Clear),Sub40_1_008_sync,FALSE,FALSE,FALSE,TRUE,TRUE,TRUE,TRUE,TRUE,TRUE
Sub40,Caterpillar (Loud),Sub40_1_005_sync,FALSE,FALSE,FALSE,TRUE,TRUE,TRUE,TRUE,TRUE,TRUE
Sub40,Put a Deed Here (Conversational),Sub40_1_007_sync,FALSE,FALSE,FALSE,TRUE,TRUE,TRUE,TRUE,TRUE,TRUE
Sub40,Sentence Repetition,Sub40_1_004_sync,FALSE,FALSE,FALSE,TRUE,TRUE,TRUE,TRUE,TRUE,TRUE
Sub40,Lee Tool,Sub40_1_002_sync,FALSE,FALSE,FALSE,TRUE,TRUE,TRUE,TRUE,TRUE,TRUE
Sub40,Lee Tool (Clear),Sub40_1_009_sync,FALSE,FALSE,FALSE,TRUE,TRUE,TRUE,TRUE,TRUE,TRUE
Sub40,Non-Speech Task (Weismer),Sub40_1_006_sync,FALSE,FALSE,FALSE,TRUE,TRUE,TRUE,TRUE,TRUE,TRUE
Sub40,All Vowels,Sub40_1_003_sync,FALSE,FALSE,FALSE,TRUE,TRUE,TRUE,TRUE,TRUE,TRUE
Sub41,Caterpillar (Conversational),Sub41_1_001_sync,FALSE,FALSE,FALSE,TRUE,TRUE,TRUE,TRUE,TRUE,TRUE
Sub41,Caterpillar (Slow),Sub41_1_003_sync,FALSE,FALSE,FALSE,TRUE,TRUE,TRUE,TRUE,TRUE,TRUE
Sub41,Caterpillar (Clear),Sub41_1_009_sync,FALSE,FALSE,FALSE,TRUE,TRUE,TRUE,TRUE,TRUE,TRUE
Sub41,Caterpillar (Loud),Sub41_1_006_sync,FALSE,FALSE,FALSE,TRUE,TRUE,TRUE,TRUE,TRUE,TRUE
Sub41,Put a Deed Here (Conversational),Sub41_1_002_sync,FALSE,FALSE,FALSE,TRUE,TRUE,TRUE,TRUE,TRUE,TRUE
Sub41,Sentence Repetition,Sub41_1_008_sync,FALSE,FALSE,FALSE,TRUE,TRUE,TRUE,TRUE,TRUE,TRUE
Sub41,Lee Tool,Sub41_1_010_sync,FALSE,FALSE,FALSE,TRUE,TRUE,TRUE,TRUE,TRUE,TRUE
Sub41,Lee Tool (Clear),Sub41_1_004_sync,FALSE,FALSE,FALSE,TRUE,TRUE,TRUE,TRUE,TRUE,TRUE
Sub41,Non-Speech Task (Weismer),Sub41_1_005_sync,FALSE,FALSE,FALSE,TRUE,TRUE,TRUE,TRUE,TRUE,TRUE
Sub41,All Vowels,Sub41_1_007_sync,FALSE,FALSE,FALSE,TRUE,TRUE,TRUE,TRUE,TRUE,TRUE
Sub42,Caterpillar (Conversational),Sub42_1_001_sync,FALSE,FALSE,FALSE,TRUE,TRUE,TRUE,TRUE,TRUE,TRUE
Sub42,Caterpillar (Conversational)_2,Sub42_1_011_sync,FALSE,FALSE,FALSE,TRUE,TRUE,TRUE,TRUE,TRUE,TRUE
Sub42,Caterpillar (Slow),Sub42_1_003_sync,FALSE,FALSE,FALSE,TRUE,TRUE,TRUE,TRUE,TRUE,TRUE
Sub42,Caterpillar (Clear),Sub42_1_009_sync,FALSE,FALSE,FALSE,TRUE,TRUE,TRUE,TRUE,TRUE,TRUE
Sub42,Caterpillar (Loud),Sub42_1_007_sync,FALSE,FALSE,FALSE,TRUE,TRUE,TRUE,TRUE,TRUE,TRUE
Sub42,Put a Deed Here (Conversational),Sub42_1_010_sync,FALSE,FALSE,FALSE,TRUE,TRUE,TRUE,TRUE,TRUE,TRUE
Sub42,Sentence Repetition,Sub42_1_004_sync,FALSE,FALSE,FALSE,TRUE,TRUE,TRUE,TRUE,TRUE,TRUE
Sub42,Lee Tool,Sub42_1_005_sync,FALSE,FALSE,FALSE,TRUE,TRUE,TRUE,TRUE,TRUE,TRUE
Sub42,Lee Tool (Clear),Sub42_1_008_sync,FALSE,FALSE,FALSE,TRUE,TRUE,TRUE,TRUE,TRUE,TRUE
Sub42,Non-Speech Task (Weismer),Sub42_1_006_sync,FALSE,FALSE,FALSE,TRUE,TRUE,TRUE,TRUE,TRUE,TRUE
Sub42,All Vowels,Sub42_1_002_sync,FALSE,FALSE,FALSE,TRUE,TRUE,TRUE,TRUE,TRUE,TRUE
Sub44,Caterpillar (Conversational),Sub44_1_001_sync,FALSE,FALSE,FALSE,TRUE,TRUE,TRUE,TRUE,TRUE,TRUE
Sub44,Caterpillar (Conversational)_2,Sub44_1_011_sync,FALSE,FALSE,FALSE,TRUE,TRUE,TRUE,TRUE,TRUE,TRUE
Sub44,Caterpillar (Slow),Sub44_1_004_sync,FALSE,FALSE,FALSE,TRUE,TRUE,TRUE,TRUE,TRUE,TRUE
Sub44,Caterpillar (Clear),Sub44_1_008_sync,FALSE,FALSE,FALSE,TRUE,TRUE,TRUE,TRUE,TRUE,TRUE
Sub44,Caterpillar (Loud),Sub44_1_006_sync,FALSE,FALSE,FALSE,TRUE,TRUE,TRUE,TRUE,TRUE,TRUE
Sub44,Put a Deed Here (Conversational),Sub44_1_010_sync,FALSE,FALSE,FALSE,TRUE,TRUE,TRUE,TRUE,TRUE,TRUE
Sub44,Sentence Repetition,Sub44_1_003_sync,FALSE,FALSE,FALSE,TRUE,TRUE,TRUE,TRUE,TRUE,TRUE
Sub44,Sentence Repetition_2,Sub44_1_012_sync,FALSE,FALSE,FALSE,TRUE,TRUE,TRUE,TRUE,TRUE,TRUE
Sub44,Lee Tool,Sub44_1_007_sync,FALSE,FALSE,FALSE,TRUE,TRUE,TRUE,TRUE,TRUE,TRUE
Sub44,Lee Tool (Clear),Sub44_1_009_sync,FALSE,FALSE,FALSE,TRUE,TRUE,TRUE,TRUE,TRUE,TRUE
Sub44,Non-Speech Task (Weismer),Sub44_1_002_sync,FALSE,FALSE,FALSE,TRUE,TRUE,TRUE,TRUE,TRUE,TRUE
Sub44,All Vowels,Sub44_1_005_sync,FALSE,FALSE,FALSE,TRUE,TRUE,TRUE,TRUE,TRUE,TRUE
Sub45,Caterpillar (Conversational),Sub45_1_001_sync,FALSE,FALSE,FALSE,TRUE,TRUE,TRUE,TRUE,TRUE,TRUE
Sub45,Caterpillar (Slow),Sub45_1_010_sync,FALSE,FALSE,FALSE,TRUE,TRUE,TRUE,TRUE,TRUE,TRUE
Sub45,Caterpillar (Clear),Sub45_1_008_sync,FALSE,FALSE,FALSE,TRUE,TRUE,TRUE,TRUE,TRUE,TRUE
Sub45,Caterpillar (Loud),Sub45_1_005_sync,FALSE,FALSE,FALSE,TRUE,TRUE,TRUE,TRUE,TRUE,TRUE
Sub45,Put a Deed Here (Conversational),Sub45_1_009_sync,FALSE,FALSE,FALSE,TRUE,TRUE,TRUE,TRUE,TRUE,TRUE
Sub45,Sentence Repetition,Sub45_1_003_sync,FALSE,FALSE,FALSE,TRUE,TRUE,TRUE,TRUE,TRUE,TRUE
Sub45,Lee Tool,Sub45_1_004_sync,FALSE,FALSE,FALSE,TRUE,TRUE,TRUE,TRUE,TRUE,TRUE
Sub45,Lee Tool (Clear),Sub45_1_007_sync,FALSE,FALSE,FALSE,TRUE,TRUE,TRUE,TRUE,TRUE,TRUE
Sub45,Non-Speech Task (Weismer),Sub45_1_006_sync,FALSE,FALSE,FALSE,TRUE,TRUE,TRUE,TRUE,TRUE,TRUE
Sub45,All Vowels,Sub45_1_002_sync,FALSE,FALSE,FALSE,TRUE,TRUE,TRUE,TRUE,TRUE,TRUE
Sub46,Caterpillar (Conversational),Sub46_1_001_sync,FALSE,FALSE,FALSE,TRUE,TRUE,TRUE,TRUE,TRUE,TRUE
Sub46,Caterpillar (Slow),Sub46_1_010_sync,FALSE,FALSE,FALSE,TRUE,TRUE,TRUE,TRUE,TRUE,TRUE
Sub46,Caterpillar (Clear),Sub46_1_008_sync,FALSE,FALSE,FALSE,TRUE,TRUE,TRUE,TRUE,TRUE,TRUE
Sub46,Caterpillar (Loud),Sub46_1_004_sync,FALSE,FALSE,FALSE,TRUE,TRUE,TRUE,TRUE,TRUE,TRUE
Sub46,Put a Deed Here (Conversational),Sub46_1_006_sync,FALSE,FALSE,FALSE,TRUE,TRUE,TRUE,TRUE,TRUE,TRUE
Sub46,Sentence Repetition,Sub46_1_002_sync,FALSE,FALSE,FALSE,TRUE,TRUE,TRUE,TRUE,TRUE,TRUE
Sub46,Lee Tool,Sub46_1_007_sync,FALSE,FALSE,FALSE,TRUE,TRUE,TRUE,TRUE,TRUE,TRUE
Sub46,Lee Tool (Clear),Sub46_1_009_sync,FALSE,FALSE,FALSE,TRUE,TRUE,TRUE,TRUE,TRUE,TRUE
Sub46,Non-Speech Task (Weismer),Sub46_1_005_sync,FALSE,FALSE,FALSE,TRUE,TRUE,TRUE,TRUE,TRUE,TRUE
Sub46,All Vowels,Sub46_1_003_sync,FALSE,FALSE,FALSE,TRUE,TRUE,TRUE,TRUE,TRUE,TRUE
Sub47,Caterpillar (Conversational),Sub47_1_003_sync,FALSE,FALSE,FALSE,TRUE,TRUE,TRUE,TRUE,TRUE,TRUE
Sub47,Caterpillar (Slow),Sub47_1_007_sync,FALSE,FALSE,FALSE,TRUE,TRUE,TRUE,TRUE,TRUE,TRUE
Sub47,Caterpillar (Clear),Sub47_1_009_sync,FALSE,FALSE,FALSE,TRUE,TRUE,TRUE,TRUE,TRUE,TRUE
Sub47,Caterpillar (Loud),Sub47_1_005_sync,FALSE,FALSE,FALSE,TRUE,TRUE,TRUE,TRUE,TRUE,TRUE
Sub47,Put a Deed Here (Conversational),Sub47_1_001_sync,FALSE,FALSE,FALSE,TRUE,TRUE,TRUE,TRUE,TRUE,TRUE
Sub47,Sentence Repetition,Sub47_1_002_sync,FALSE,FALSE,FALSE,TRUE,TRUE,TRUE,TRUE,TRUE,TRUE
Sub47,Lee Tool,Sub47_1_008_sync,FALSE,FALSE,FALSE,TRUE,TRUE,TRUE,TRUE,TRUE,TRUE
Sub47,Lee Tool (Clear),Sub47_1_010_sync,FALSE,FALSE,FALSE,TRUE,TRUE,TRUE,TRUE,TRUE,TRUE
Sub47,Non-Speech Task (Weismer),Sub47_1_006_sync,FALSE,FALSE,FALSE,TRUE,TRUE,TRUE,TRUE,TRUE,TRUE
Sub47,All Vowels,Sub47_1_004_sync,FALSE,FALSE,FALSE,TRUE,TRUE,TRUE,TRUE,TRUE,TRUE
Sub48,Caterpillar (Conversational),Sub48_1_002_sync,FALSE,FALSE,FALSE,TRUE,TRUE,TRUE,TRUE,TRUE,TRUE
Sub48,Caterpillar (Slow),Sub48_1_005_sync,FALSE,FALSE,FALSE,TRUE,TRUE,TRUE,TRUE,TRUE,TRUE
Sub48,Caterpillar (Clear),Sub48_1_010_sync,FALSE,FALSE,FALSE,TRUE,TRUE,TRUE,TRUE,TRUE,TRUE
Sub48,Caterpillar (Loud),Sub48_1_007_sync,FALSE,FALSE,FALSE,TRUE,TRUE,TRUE,TRUE,TRUE,TRUE
Sub48,Put a Deed Here (Conversational),Sub48_1_004_sync,FALSE,FALSE,FALSE,TRUE,TRUE,TRUE,TRUE,TRUE,TRUE
Sub48,Sentence Repetition,Sub48_1_003_sync,FALSE,FALSE,FALSE,TRUE,TRUE,TRUE,TRUE,TRUE,TRUE
Sub48,Lee Tool,Sub48_1_006_sync,FALSE,FALSE,FALSE,TRUE,TRUE,TRUE,TRUE,TRUE,TRUE
Sub48,Lee Tool (Clear),Sub48_1_008_sync,FALSE,FALSE,FALSE,TRUE,TRUE,TRUE,TRUE,TRUE,TRUE
Sub48,Non-Speech Task (Weismer),Sub48_1_009_sync,FALSE,FALSE,FALSE,TRUE,TRUE,TRUE,TRUE,TRUE,TRUE
Sub48,All Vowels,Sub48_1_001_sync,FALSE,FALSE,FALSE,TRUE,TRUE,TRUE,TRUE,TRUE,TRUE
Sub49,Caterpillar (Conversational),Sub49_1_001_sync*,FALSE,FALSE,FALSE,TRUE,TRUE,TRUE,TRUE,TRUE,TRUE
Sub49,Caterpillar (Slow),Sub49_1_010_sync*,,FALSE,,TRUE,TRUE,TRUE,TRUE,TRUE,TRUE
Sub49,Caterpillar (Clear),Sub49_1_005_sync*,,FALSE,,TRUE,TRUE,TRUE,TRUE,TRUE,TRUE
Sub49,Caterpillar (Loud),Sub49_1_008_sync*,,FALSE,,TRUE,TRUE,TRUE,TRUE,TRUE,TRUE
Sub49,Put a Deed Here (Conversational),Sub49_1_006_sync*,,FALSE,,TRUE,TRUE,TRUE,TRUE,TRUE,TRUE
Sub49,Sentence Repetition,Sub49_1_003_sync*,,FALSE,,TRUE,TRUE,TRUE,TRUE,TRUE,TRUE
Sub49,Lee Tool,Sub49_1_004_sync*,,FALSE,,TRUE,TRUE,TRUE,TRUE,TRUE,TRUE
Sub49,Lee Tool (Clear),Sub49_1_011_sync*,,FALSE,,TRUE,TRUE,TRUE,TRUE,TRUE,TRUE
Sub49,Non-Speech Task (Weismer),Sub49_1_007_sync*,,FALSE,,TRUE,TRUE,TRUE,TRUE,TRUE,TRUE
Sub49,All Vowels,Sub49_1_009_sync*,,FALSE,,TRUE,TRUE,TRUE,TRUE,TRUE,TRUE
Sub50,Caterpillar (Conversational),Sub50_1_001_sync,FALSE,FALSE,FALSE,TRUE,TRUE,TRUE,TRUE,TRUE,TRUE
Sub50,Caterpillar (Conversational)_2,Sub50_1_011_sync*,,FALSE,,TRUE,TRUE,TRUE,TRUE,TRUE,TRUE
Sub50,Caterpillar (Slow),Sub50_1_009_sync,FALSE,FALSE,FALSE,TRUE,TRUE,TRUE,TRUE,TRUE,TRUE
Sub50,Caterpillar (Clear),Sub50_1_004_sync,FALSE,FALSE,FALSE,TRUE,TRUE,TRUE,TRUE,TRUE,TRUE
Sub50,Caterpillar (Loud),Sub50_1_007_sync,FALSE,FALSE,FALSE,TRUE,TRUE,TRUE,TRUE,TRUE,TRUE
Sub50,Put a Deed Here (Conversational),Sub50_1_005_sync,FALSE,FALSE,FALSE,TRUE,TRUE,TRUE,TRUE,TRUE,TRUE
Sub50,Sentence Repetition,Sub50_1_002_sync,FALSE,FALSE,FALSE,TRUE,TRUE,TRUE,TRUE,TRUE,TRUE
Sub50,Lee Tool,Sub50_1_003_sync,FALSE,FALSE,FALSE,TRUE,TRUE,TRUE,TRUE,TRUE,TRUE
Sub50,Lee Tool (Clear),Sub50_1_010_sync*,FALSE,FALSE,FALSE,TRUE,TRUE,TRUE,TRUE,TRUE,TRUE
Sub50,Non-Speech Task (Weismer),Sub50_1_006_sync,FALSE,FALSE,FALSE,TRUE,TRUE,TRUE,TRUE,TRUE,TRUE
Sub50,All Vowels,Sub50_1_008_sync,FALSE,FALSE,FALSE,TRUE,TRUE,TRUE,TRUE,TRUE,TRUE
Sub51,Caterpillar (Conversational),Sub51_1_001_sync,FALSE,FALSE,FALSE,TRUE,TRUE,TRUE,TRUE,TRUE,TRUE
Sub51,Caterpillar (Slow),Sub51_1_006_sync,FALSE,FALSE,FALSE,TRUE,TRUE,TRUE,TRUE,TRUE,TRUE
Sub51,Caterpillar (Clear),Sub51_1_003_sync,FALSE,FALSE,FALSE,TRUE,TRUE,TRUE,TRUE,TRUE,TRUE
Sub51,Caterpillar (Loud),Sub51_1_009_sync,FALSE,FALSE,FALSE,TRUE,TRUE,TRUE,TRUE,TRUE,TRUE
Sub51,Put a Deed Here (Conversational),Sub51_1_004_sync,FALSE,FALSE,FALSE,TRUE,TRUE,TRUE,TRUE,TRUE,TRUE
Sub51,Sentence Repetition,Sub51_1_005_sync,FALSE,FALSE,FALSE,TRUE,TRUE,TRUE,TRUE,TRUE,TRUE
Sub51,Lee Tool,Sub51_1_008_sync,FALSE,FALSE,FALSE,TRUE,TRUE,TRUE,TRUE,TRUE,TRUE
Sub51,Lee Tool (Clear),Sub51_1_011_sync,FALSE,FALSE,FALSE,TRUE,TRUE,TRUE,TRUE,TRUE,TRUE
Sub51,Non-Speech Task (Weismer),Sub51_1_007_sync,FALSE,FALSE,FALSE,TRUE,TRUE,TRUE,TRUE,TRUE,TRUE
Sub51,All Vowels,Sub51_1_002_sync,FALSE,FALSE,FALSE,TRUE,TRUE,TRUE,TRUE,TRUE,TRUE
Sub52,Caterpillar (Conversational),Sub52_1_001_sync,FALSE,FALSE,FALSE,TRUE,TRUE,TRUE,TRUE,TRUE,TRUE
Sub52,Caterpillar (Slow),Sub52_1_006_sync,FALSE,FALSE,FALSE,TRUE,TRUE,TRUE,TRUE,TRUE,TRUE
Sub52,Caterpillar (Clear),Sub52_1_003_sync,FALSE,FALSE,FALSE,TRUE,TRUE,TRUE,TRUE,TRUE,TRUE
Sub52,Caterpillar (Loud),Sub52_1_008_sync,FALSE,FALSE,FALSE,TRUE,TRUE,TRUE,TRUE,TRUE,TRUE
Sub52,Put a Deed Here (Conversational),Sub52_1_007_sync,FALSE,FALSE,FALSE,TRUE,TRUE,TRUE,TRUE,TRUE,TRUE
Sub52,Sentence Repetition,Sub52_1_002_sync,FALSE,FALSE,FALSE,TRUE,TRUE,TRUE,TRUE,TRUE,TRUE
Sub52,Lee Tool,Sub52_1_010_sync,FALSE,FALSE,FALSE,TRUE,TRUE,TRUE,TRUE,TRUE,TRUE
Sub52,Lee Tool (Clear),Sub52_1_005_sync,FALSE,FALSE,FALSE,TRUE,TRUE,TRUE,TRUE,TRUE,TRUE
Sub52,Non-Speech Task (Weismer),Sub52_1_004_sync,FALSE,FALSE,FALSE,TRUE,TRUE,TRUE,TRUE,TRUE,TRUE
Sub52,All Vowels,Sub52_1_009_sync,FALSE,FALSE,FALSE,TRUE,TRUE,TRUE,TRUE,TRUE,TRUE
Sub53,Caterpillar (Conversational),Sub53_1_001_sync,FALSE,FALSE,FALSE,TRUE,TRUE,TRUE,TRUE,TRUE,TRUE
Sub53,Caterpillar (Slow),Sub53_1_007_sync,FALSE,FALSE,FALSE,TRUE,TRUE,TRUE,TRUE,TRUE,TRUE
Sub53,Caterpillar (Clear),Sub53_1_004_sync,FALSE,FALSE,FALSE,TRUE,TRUE,TRUE,TRUE,TRUE,TRUE
Sub53,Caterpillar (Loud),Sub53_1_009_sync,FALSE,FALSE,FALSE,TRUE,TRUE,TRUE,TRUE,TRUE,TRUE
Sub53,Put a Deed Here (Conversational),Sub53_1_008_sync,FALSE,FALSE,FALSE,TRUE,TRUE,TRUE,TRUE,TRUE,TRUE
Sub53,Sentence Repetition,Sub53_1_003_sync,FALSE,FALSE,FALSE,TRUE,TRUE,TRUE,TRUE,TRUE,TRUE
Sub53,Lee Tool,Sub53_1_011_sync,FALSE,FALSE,FALSE,TRUE,TRUE,TRUE,TRUE,TRUE,TRUE
Sub53,Lee Tool (Clear),Sub53_1_006_sync,FALSE,FALSE,FALSE,TRUE,TRUE,TRUE,TRUE,TRUE,TRUE
Sub53,Non-Speech Task (Weismer),Sub53_1_005_sync,FALSE,FALSE,FALSE,TRUE,TRUE,TRUE,TRUE,TRUE,TRUE
Sub53,All Vowels,Sub53_1_010_sync,FALSE,FALSE,FALSE,TRUE,TRUE,TRUE,TRUE,TRUE,TRUE
Sub54,Caterpillar (Conversational),Sub54_1_006_sync,FALSE,FALSE,FALSE,TRUE,TRUE,TRUE,TRUE,TRUE,TRUE
Sub54,Caterpillar (Slow),Sub54_1_001_sync,FALSE,FALSE,FALSE,TRUE,TRUE,TRUE,TRUE,TRUE,TRUE
Sub54,Caterpillar (Clear),Sub54_1_003_sync,FALSE,FALSE,FALSE,TRUE,TRUE,TRUE,TRUE,TRUE,TRUE
Sub54,Caterpillar (Loud),Sub54_1_010_sync,FALSE,FALSE,FALSE,TRUE,TRUE,TRUE,TRUE,TRUE,TRUE
Sub54,Put a Deed Here (Conversational),Sub54_1_007_sync,FALSE,FALSE,FALSE,TRUE,TRUE,TRUE,TRUE,TRUE,TRUE
Sub54,Sentence Repetition,Sub54_1_005_sync,FALSE,FALSE,FALSE,TRUE,TRUE,TRUE,TRUE,TRUE,TRUE
Sub54,Lee Tool,Sub54_1_009_sync,FALSE,FALSE,FALSE,TRUE,TRUE,TRUE,TRUE,TRUE,TRUE
Sub54,Lee Tool (Clear),Sub54_1_002_sync,FALSE,FALSE,FALSE,TRUE,TRUE,TRUE,TRUE,TRUE,TRUE
Sub54,Non-Speech Task (Weismer),Sub54_1_004_sync,FALSE,FALSE,FALSE,TRUE,TRUE,TRUE,TRUE,TRUE,TRUE
Sub54,All Vowels,Sub54_1_008_sync,FALSE,FALSE,FALSE,TRUE,TRUE,TRUE,TRUE,TRUE,TRUE
Sub55_2,Caterpillar (Conversational),Sub55_2_1_008_sync,FALSE,FALSE,FALSE,TRUE,TRUE,TRUE,TRUE,TRUE,TRUE
Sub55_2,Caterpillar (Slow),Sub55_2_1_005_sync,FALSE,FALSE,FALSE,TRUE,TRUE,TRUE,TRUE,TRUE,TRUE
Sub55_2,Caterpillar (Clear),Sub55_2_1_010_sync,FALSE,FALSE,FALSE,TRUE,TRUE,TRUE,TRUE,TRUE,TRUE
Sub55_2,Caterpillar (Loud),Sub55_2_1_003_sync,FALSE,FALSE,FALSE,TRUE,TRUE,TRUE,TRUE,TRUE,TRUE
Sub55_2,Put a Deed Here (Conversational),Sub55_2_1_006_sync,FALSE,FALSE,FALSE,TRUE,TRUE,TRUE,TRUE,TRUE,TRUE
Sub55_2,Sentence Repetition,Sub55_2_1_002_sync,FALSE,FALSE,FALSE,TRUE,TRUE,TRUE,TRUE,TRUE,TRUE
Sub55_2,Lee Tool,Sub55_2_1_009_sync,FALSE,FALSE,FALSE,TRUE,TRUE,TRUE,TRUE,TRUE,TRUE
Sub55_2,Lee Tool (Clear),Sub55_2_1_007_sync,FALSE,FALSE,FALSE,TRUE,TRUE,TRUE,TRUE,TRUE,TRUE
Sub55_2,Non-Speech Task (Weismer),Sub55_2_1_004_sync,FALSE,FALSE,FALSE,TRUE,TRUE,TRUE,TRUE,TRUE,TRUE
Sub55_2,All Vowels,Sub55_2_1_001_sync,FALSE,FALSE,FALSE,TRUE,TRUE,TRUE,TRUE,TRUE,TRUE
Sub57,Caterpillar (Conversational),Sub57_1_001_sync,FALSE,FALSE,FALSE,TRUE,TRUE,TRUE,TRUE,TRUE,TRUE
Sub57,Caterpillar (Slow),Sub57_1_005_sync,FALSE,FALSE,FALSE,TRUE,TRUE,TRUE,TRUE,TRUE,TRUE
Sub57,Caterpillar (Clear),Sub57_1_009_sync,FALSE,FALSE,FALSE,TRUE,TRUE,TRUE,TRUE,TRUE,TRUE
Sub57,Caterpillar (Loud),Sub57_1_003_sync,FALSE,FALSE,FALSE,TRUE,TRUE,TRUE,TRUE,TRUE,TRUE
Sub57,Put a Deed Here (Conversational),Sub57_1_008_sync,FALSE,FALSE,FALSE,TRUE,TRUE,TRUE,TRUE,TRUE,TRUE
Sub57,Sentence Repetition,Sub57_1_006_sync,FALSE,FALSE,FALSE,TRUE,TRUE,TRUE,TRUE,TRUE,TRUE
Sub57,Lee Tool,Sub57_1_010_sync,FALSE,FALSE,FALSE,TRUE,TRUE,TRUE,TRUE,TRUE,TRUE
Sub57,Lee Tool (Clear),Sub57_1_004_sync,FALSE,FALSE,FALSE,TRUE,TRUE,TRUE,TRUE,TRUE,TRUE
Sub57,Non-Speech Task (Weismer),Sub57_1_002_sync,FALSE,FALSE,FALSE,TRUE,TRUE,TRUE,TRUE,TRUE,TRUE
Sub57,All Vowels,Sub57_1_007_sync,FALSE,FALSE,FALSE,TRUE,TRUE,TRUE,TRUE,TRUE,TRUE
Sub58,Caterpillar (Conversational),Sub58_1_001_sync,FALSE,FALSE,FALSE,TRUE,TRUE,TRUE,TRUE,TRUE,TRUE
Sub58,Caterpillar (Slow),Sub58_1_004_sync,FALSE,FALSE,FALSE,TRUE,TRUE,TRUE,TRUE,TRUE,TRUE
Sub58,Caterpillar (Clear),Sub58_1_007_sync,FALSE,FALSE,FALSE,TRUE,TRUE,TRUE,TRUE,TRUE,TRUE
Sub58,Caterpillar (Loud),Sub58_1_010_sync,FALSE,FALSE,FALSE,TRUE,TRUE,TRUE,TRUE,TRUE,TRUE
Sub58,Put a Deed Here (Conversational),Sub58_1_006_sync,FALSE,FALSE,FALSE,TRUE,TRUE,TRUE,TRUE,TRUE,TRUE
Sub58,Sentence Repetition,Sub58_1_003_sync,FALSE,FALSE,FALSE,TRUE,TRUE,TRUE,TRUE,TRUE,TRUE
Sub58,Lee Tool,Sub58_1_002_sync,FALSE,FALSE,FALSE,TRUE,TRUE,TRUE,TRUE,TRUE,TRUE
Sub58,Lee Tool (Clear),Sub58_1_005_sync,FALSE,FALSE,FALSE,TRUE,TRUE,TRUE,TRUE,TRUE,TRUE
Sub58,Non-Speech Task (Weismer),Sub58_1_008_sync,FALSE,FALSE,FALSE,TRUE,TRUE,TRUE,TRUE,TRUE,TRUE
Sub58,All Vowels,Sub58_1_009_sync,FALSE,FALSE,FALSE,TRUE,TRUE,TRUE,TRUE,TRUE,TRUE
Sub59,Caterpillar (Conversational),Sub59_1_001_sync,FALSE,FALSE,FALSE,TRUE,TRUE,TRUE,TRUE,TRUE,TRUE
Sub59,Caterpillar (Slow),Sub59_1_003_sync,FALSE,FALSE,FALSE,TRUE,TRUE,TRUE,TRUE,TRUE,TRUE
Sub59,Caterpillar (Clear),Sub59_1_009_sync,FALSE,FALSE,FALSE,TRUE,TRUE,TRUE,TRUE,TRUE,TRUE
Sub59,Caterpillar (Loud),Sub59_1_006_sync,FALSE,FALSE,FALSE,TRUE,TRUE,TRUE,TRUE,TRUE,TRUE
Sub59,Put a Deed Here (Conversational),Sub59_1_005_sync,FALSE,FALSE,FALSE,TRUE,TRUE,TRUE,TRUE,TRUE,TRUE
Sub59,Sentence Repetition,Sub59_1_004_sync,FALSE,FALSE,FALSE,TRUE,TRUE,TRUE,TRUE,TRUE,TRUE
Sub59,Lee Tool,Sub59_1_002_sync,FALSE,FALSE,FALSE,TRUE,TRUE,TRUE,TRUE,TRUE,TRUE
Sub59,Lee Tool (Clear),Sub59_1_010_sync,FALSE,FALSE,FALSE,TRUE,TRUE,TRUE,TRUE,TRUE,TRUE
Sub59,Non-Speech Task (Weismer),Sub59_1_007_sync,FALSE,FALSE,FALSE,TRUE,TRUE,TRUE,TRUE,TRUE,TRUE
Sub59,All Vowels,Sub59_1_008_sync,FALSE,FALSE,FALSE,TRUE,TRUE,TRUE,TRUE,TRUE,TRUE
Sub60,Caterpillar (Conversational),Sub60_1_001_sync,FALSE,FALSE,FALSE,TRUE,TRUE,TRUE,TRUE,TRUE,TRUE
Sub60,Caterpillar (Slow),Sub60_1_003_sync,FALSE,FALSE,FALSE,TRUE,TRUE,TRUE,TRUE,TRUE,TRUE
Sub60,Caterpillar (Clear),Sub60_1_009_sync,FALSE,FALSE,FALSE,TRUE,TRUE,TRUE,TRUE,TRUE,TRUE
Sub60,Caterpillar (Loud),Sub60_1_005_sync,FALSE,FALSE,FALSE,TRUE,TRUE,TRUE,TRUE,TRUE,TRUE
Sub60,Put a Deed Here (Conversational),Sub60_1_006_sync,FALSE,FALSE,FALSE,TRUE,TRUE,TRUE,TRUE,TRUE,TRUE
Sub60,Sentence Repetition,Sub60_1_004_sync,FALSE,FALSE,FALSE,TRUE,TRUE,TRUE,TRUE,TRUE,TRUE
Sub60,Lee Tool,Sub60_1_002_sync,FALSE,FALSE,FALSE,TRUE,TRUE,TRUE,TRUE,TRUE,TRUE
Sub60,Lee Tool (Clear),Sub60_1_010_sync,FALSE,FALSE,FALSE,TRUE,TRUE,TRUE,TRUE,TRUE,TRUE
Sub60,Non-Speech Task (Weismer),Sub60_1_007_sync,FALSE,FALSE,FALSE,TRUE,TRUE,TRUE,TRUE,TRUE,TRUE
Sub60,All Vowels,Sub60_1_008_sync,FALSE,FALSE,FALSE,TRUE,TRUE,TRUE,TRUE,TRUE,TRUE
Sub12,Caterpillar (Conversational)_2,S12_1_010_sync,FALSE,FALSE,FALSE,TRUE,TRUE,TRUE,TRUE,TRUE,FALSE
Sub12,Lee Tool,S12_1_011_sync,FALSE,FALSE,FALSE,TRUE,TRUE,TRUE,TRUE,TRUE,FALSE
Sub12,Caterpillar (Slow),S12_1_008_sync*,FALSE,FALSE,FALSE,TRUE,FALSE,TRUE,TRUE,TRUE,TRUE
Sub13,Caterpillar (Clear),S13_1_011_sync,FALSE,FALSE,FALSE,TRUE,FALSE,TRUE,TRUE,TRUE,TRUE
Sub20,Caterpillar (Slow),S20_011_sync,FALSE,FALSE,FALSE,TRUE,FALSE,TRUE,TRUE,TRUE,TRUE
Sub23,Caterpillar (Conversational)_2,Sub23_1_007_sync,FALSE,FALSE,FALSE,TRUE,TRUE,FALSE,TRUE,TRUE,TRUE
Sub23,Caterpillar (Fast),Sub23_1_014_sync,FALSE,FALSE,FALSE,TRUE,TRUE,FALSE,TRUE,TRUE,TRUE
Sub23,Put a Deed Here (Conversational)_2,Sub23_1_011_sync,FALSE,FALSE,FALSE,TRUE,TRUE,FALSE,TRUE,TRUE,TRUE
Sub23,Sentence Repetition,Sub23_1_005_sync,FALSE,FALSE,FALSE,TRUE,TRUE,FALSE,TRUE,TRUE,TRUE
Sub23,iCi Syllabes,Sub23_1_008_sync,FALSE,FALSE,FALSE,TRUE,TRUE,FALSE,TRUE,TRUE,TRUE
Sub23,aCa Syllables,Sub23_1_010_sync,FALSE,FALSE,FALSE,TRUE,TRUE,FALSE,TRUE,TRUE,TRUE
Sub23,uCu Syllables,Sub23_1_009_sync,FALSE,FALSE,FALSE,TRUE,TRUE,FALSE,TRUE,TRUE,TRUE
Sub23,Lee Tool,Sub23_1_006_sync,FALSE,FALSE,FALSE,TRUE,TRUE,FALSE,TRUE,TRUE,TRUE
Sub23,Lee Tool (Fast),Sub23_1_013_sync,FALSE,FALSE,FALSE,TRUE,TRUE,FALSE,TRUE,TRUE,TRUE
